image,tag,reference,tag_source
docker.io/library/golang,1,docker.io/library/golang:1,https://hub.docker.com/r/library/golang
docker.io/library/golang,1-alpine,docker.io/library/golang:1-alpine,https://hub.docker.com/r/library/golang
docker.io/library/golang,1-alpine3.22,docker.io/library/golang:1-alpine3.22,https://hub.docker.com/r/library/golang
docker.io/library/golang,1-alpine3.23,docker.io/library/golang:1-alpine3.23,https://hub.docker.com/r/library/golang
docker.io/library/golang,1-alpine3.24,docker.io/library/golang:1-alpine3.24,https://hub.docker.com/r/library/golang
docker.io/library/golang,1-bookworm,docker.io/library/golang:1-bookworm,https://hub.docker.com/r/library/golang
docker.io/library/golang,1-trixie,docker.io/library/golang:1-trixie,https://hub.docker.com/r/library/golang
docker.io/library/golang,1.10,docker.io/library/golang:1.10,https://hub.docker.com/r/library/golang
docker.io/library/golang,1.10-alpine,docker.io/library/golang:1.10-alpine,https://hub.docker.com/r/library/golang
docker.io/library/golang,1.10-alpine3.7,docker.io/library/golang:1.10-alpine3.7,https://hub.docker.com/r/library/golang
docker.io/library/golang,1.10-alpine3.8,docker.io/library/golang:1.10-alpine3.8,https://hub.docker.com/r/library/golang
docker.io/library/golang,1.10-alpine3.9,docker.io/library/golang:1.10-alpine3.9,https://hub.docker.com/r/library/golang
docker.io/library/golang,1.10.0,docker.io/library/golang:1.10.0,https://hub.docker.com/r/library/golang
docker.io/library/golang,1.10.0-alpine,docker.io/library/golang:1.10.0-alpine,https://hub.docker.com/r/library/golang
docker.io/library/golang,1.10.0-alpine3.7,docker.io/library/golang:1.10.0-alpine3.7,https://hub.docker.com/r/library/golang
docker.io/library/golang,1.10.1,docker.io/library/golang:1.10.1,https://hub.docker.com/r/library/golang
docker.io/library/golang,1.10.1-alpine,docker.io/library/golang:1.10.1-alpine,https://hub.docker.com/r/library/golang
docker.io/library/golang,1.10.1-alpine3.7,docker.io/library/golang:1.10.1-alpine3.7,https://hub.docker.com/r/library/golang
docker.io/library/golang,1.10.2,docker.io/library/golang:1.10.2,https://hub.docker.com/r/library/golang
docker.io/library/golang,1.10.2-alpine,docker.io/library/golang:1.10.2-alpine,https://hub.docker.com/r/library/golang
docker.io/library/golang,1.10.2-alpine3.7,docker.io/library/golang:1.10.2-alpine3.7,https://hub.docker.com/r/library/golang
docker.io/library/golang,1.10.3,docker.io/library/golang:1.10.3,https://hub.docker.com/r/library/golang
docker.io/library/golang,1.10.3-alpine,docker.io/library/golang:1.10.3-alpine,https://hub.docker.com/r/library/golang
docker.io/library/golang,1.10.3-alpine3.7,docker.io/library/golang:1.10.3-alpine3.7,https://hub.docker.com/r/library/golang
docker.io/library/golang,1.10.3-alpine3.8,docker.io/library/golang:1.10.3-alpine3.8,https://hub.docker.com/r/library/golang
docker.io/library/golang,1.10.4,docker.io/library/golang:1.10.4,https://hub.docker.com/r/library/golang
docker.io/library/golang,1.10.4-alpine,docker.io/library/golang:1.10.4-alpine,https://hub.docker.com/r/library/golang
docker.io/library/golang,1.10.4-alpine3.7,docker.io/library/golang:1.10.4-alpine3.7,https://hub.docker.com/r/library/golang
docker.io/library/golang,1.10.4-alpine3.8,docker.io/library/golang:1.10.4-alpine3.8,https://hub.docker.com/r/library/golang
docker.io/library/golang,1.10.5,docker.io/library/golang:1.10.5,https://hub.docker.com/r/library/golang
docker.io/library/golang,1.10.5-alpine,docker.io/library/golang:1.10.5-alpine,https://hub.docker.com/r/library/golang
docker.io/library/golang,1.10.5-alpine3.7,docker.io/library/golang:1.10.5-alpine3.7,https://hub.docker.com/r/library/golang
docker.io/library/golang,1.10.5-alpine3.8,docker.io/library/golang:1.10.5-alpine3.8,https://hub.docker.com/r/library/golang
docker.io/library/golang,1.10.6,docker.io/library/golang:1.10.6,https://hub.docker.com/r/library/golang
docker.io/library/golang,1.10.6-alpine,docker.io/library/golang:1.10.6-alpine,https://hub.docker.com/r/library/golang
docker.io/library/golang,1.10.6-alpine3.7,docker.io/library/golang:1.10.6-alpine3.7,https://hub.docker.com/r/library/golang
docker.io/library/golang,1.10.6-alpine3.8,docker.io/library/golang:1.10.6-alpine3.8,https://hub.docker.com/r/library/golang
docker.io/library/golang,1.10.7,docker.io/library/golang:1.10.7,https://hub.docker.com/r/library/golang
docker.io/library/golang,1.10.7-alpine,docker.io/library/golang:1.10.7-alpine,https://hub.docker.com/r/library/golang
docker.io/library/golang,1.10.7-alpine3.7,docker.io/library/golang:1.10.7-alpine3.7,https://hub.docker.com/r/library/golang
docker.io/library/golang,1.10.7-alpine3.8,docker.io/library/golang:1.10.7-alpine3.8,https://hub.docker.com/r/library/golang
docker.io/library/golang,1.10.8,docker.io/library/golang:1.10.8,https://hub.docker.com/r/library/golang
docker.io/library/golang,1.10.8-alpine,docker.io/library/golang:1.10.8-alpine,https://hub.docker.com/r/library/golang
docker.io/library/golang,1.10.8-alpine3.7,docker.io/library/golang:1.10.8-alpine3.7,https://hub.docker.com/r/library/golang
docker.io/library/golang,1.10.8-alpine3.8,docker.io/library/golang:1.10.8-alpine3.8,https://hub.docker.com/r/library/golang
docker.io/library/golang,1.10.8-alpine3.9,docker.io/library/golang:1.10.8-alpine3.9,https://hub.docker.com/r/library/golang
docker.io/library/golang,1.11,docker.io/library/golang:1.11,https://hub.docker.com/r/library/golang
docker.io/library/golang,1.11.0,docker.io/library/golang:1.11.0,https://hub.docker.com/r/library/golang
docker.io/library/golang,1.11.0-alpine,docker.io/library/golang:1.11.0-alpine,https://hub.docker.com/r/library/golang
docker.io/library/golang,1.11.0-alpine3.7,docker.io/library/golang:1.11.0-alpine3.7,https://hub.docker.com/r/library/golang
docker.io/library/golang,1.11.0-alpine3.8,docker.io/library/golang:1.11.0-alpine3.8,https://hub.docker.com/r/library/golang
docker.io/library/golang,1.11.1,docker.io/library/golang:1.11.1,https://hub.docker.com/r/library/golang
docker.io/library/golang,1.11.10,docker.io/library/golang:1.11.10,https://hub.docker.com/r/library/golang
docker.io/library/golang,1.11.10-alpine,docker.io/library/golang:1.11.10-alpine,https://hub.docker.com/r/library/golang
docker.io/library/golang,1.11.10-alpine3.8,docker.io/library/golang:1.11.10-alpine3.8,https://hub.docker.com/r/library/golang
docker.io/library/golang,1.11.10-alpine3.9,docker.io/library/golang:1.11.10-alpine3.9,https://hub.docker.com/r/library/golang
docker.io/library/golang,1.11.11,docker.io/library/golang:1.11.11,https://hub.docker.com/r/library/golang
docker.io/library/golang,1.11.11-alpine,docker.io/library/golang:1.11.11-alpine,https://hub.docker.com/r/library/golang
docker.io/library/golang,1.11.11-alpine3.8,docker.io/library/golang:1.11.11-alpine3.8,https://hub.docker.com/r/library/golang
docker.io/library/golang,1.11.11-alpine3.9,docker.io/library/golang:1.11.11-alpine3.9,https://hub.docker.com/r/library/golang
docker.io/library/golang,1.11.11-alpine3.10,docker.io/library/golang:1.11.11-alpine3.10,https://hub.docker.com/r/library/golang
docker.io/library/golang,1.11.12,docker.io/library/golang:1.11.12,https://hub.docker.com/r/library/golang
docker.io/library/golang,1.11.12-alpine,docker.io/library/golang:1.11.12-alpine,https://hub.docker.com/r/library/golang
docker.io/library/golang,1.11.12-alpine3.9,docker.io/library/golang:1.11.12-alpine3.9,https://hub.docker.com/r/library/golang
docker.io/library/golang,1.11.12-alpine3.10,docker.io/library/golang:1.11.12-alpine3.10,https://hub.docker.com/r/library/golang
docker.io/library/golang,1.11.13,docker.io/library/golang:1.11.13,https://hub.docker.com/r/library/golang
docker.io/library/golang,1.25,docker.io/library/golang:1.25,https://hub.docker.com/r/library/golang
docker.io/library/golang,1.25-alpine,docker.io/library/golang:1.25-alpine,https://hub.docker.com/r/library/golang
docker.io/library/golang,1.25-alpine3.22,docker.io/library/golang:1.25-alpine3.22,https://hub.docker.com/r/library/golang
docker.io/library/golang,1.25-alpine3.23,docker.io/library/golang:1.25-alpine3.23,https://hub.docker.com/r/library/golang
docker.io/library/golang,1.25-alpine3.24,docker.io/library/golang:1.25-alpine3.24,https://hub.docker.com/r/library/golang
docker.io/library/golang,1.25-bookworm,docker.io/library/golang:1.25-bookworm,https://hub.docker.com/r/library/golang
docker.io/library/golang,1.25-trixie,docker.io/library/golang:1.25-trixie,https://hub.docker.com/r/library/golang
docker.io/library/golang,1.25.11,docker.io/library/golang:1.25.11,https://hub.docker.com/r/library/golang
docker.io/library/golang,1.25.11-alpine,docker.io/library/golang:1.25.11-alpine,https://hub.docker.com/r/library/golang
docker.io/library/golang,1.25.11-alpine3.22,docker.io/library/golang:1.25.11-alpine3.22,https://hub.docker.com/r/library/golang
docker.io/library/golang,1.25.11-alpine3.23,docker.io/library/golang:1.25.11-alpine3.23,https://hub.docker.com/r/library/golang
docker.io/library/golang,1.25.11-alpine3.24,docker.io/library/golang:1.25.11-alpine3.24,https://hub.docker.com/r/library/golang
docker.io/library/golang,1.25.11-bookworm,docker.io/library/golang:1.25.11-bookworm,https://hub.docker.com/r/library/golang
docker.io/library/golang,1.25.11-trixie,docker.io/library/golang:1.25.11-trixie,https://hub.docker.com/r/library/golang
docker.io/library/golang,1.25.12,docker.io/library/golang:1.25.12,https://hub.docker.com/r/library/golang
docker.io/library/golang,1.25.12-alpine,docker.io/library/golang:1.25.12-alpine,https://hub.docker.com/r/library/golang
docker.io/library/golang,1.25.12-alpine3.23,docker.io/library/golang:1.25.12-alpine3.23,https://hub.docker.com/r/library/golang
docker.io/library/golang,1.25.12-alpine3.24,docker.io/library/golang:1.25.12-alpine3.24,https://hub.docker.com/r/library/golang
docker.io/library/golang,1.25.12-bookworm,docker.io/library/golang:1.25.12-bookworm,https://hub.docker.com/r/library/golang
docker.io/library/golang,1.25.12-trixie,docker.io/library/golang:1.25.12-trixie,https://hub.docker.com/r/library/golang
docker.io/library/golang,1.26,docker.io/library/golang:1.26,https://hub.docker.com/r/library/golang
docker.io/library/golang,1.26-alpine,docker.io/library/golang:1.26-alpine,https://hub.docker.com/r/library/golang
docker.io/library/golang,1.26-alpine3.22,docker.io/library/golang:1.26-alpine3.22,https://hub.docker.com/r/library/golang
docker.io/library/golang,1.26-alpine3.23,docker.io/library/golang:1.26-alpine3.23,https://hub.docker.com/r/library/golang
docker.io/library/golang,1.26-alpine3.24,docker.io/library/golang:1.26-alpine3.24,https://hub.docker.com/r/library/golang
docker.io/library/golang,1.26-bookworm,docker.io/library/golang:1.26-bookworm,https://hub.docker.com/r/library/golang
docker.io/library/golang,1.26-trixie,docker.io/library/golang:1.26-trixie,https://hub.docker.com/r/library/golang
docker.io/library/golang,1.26.4,docker.io/library/golang:1.26.4,https://hub.docker.com/r/library/golang
docker.io/library/golang,1.26.4-alpine,docker.io/library/golang:1.26.4-alpine,https://hub.docker.com/r/library/golang
docker.io/library/golang,1.26.4-alpine3.22,docker.io/library/golang:1.26.4-alpine3.22,https://hub.docker.com/r/library/golang
docker.io/library/golang,1.26.4-alpine3.23,docker.io/library/golang:1.26.4-alpine3.23,https://hub.docker.com/r/library/golang
docker.io/library/golang,1.26.4-alpine3.24,docker.io/library/golang:1.26.4-alpine3.24,https://hub.docker.com/r/library/golang
docker.io/library/golang,1.26.4-bookworm,docker.io/library/golang:1.26.4-bookworm,https://hub.docker.com/r/library/golang
docker.io/library/golang,1.26.4-trixie,docker.io/library/golang:1.26.4-trixie,https://hub.docker.com/r/library/golang
docker.io/library/golang,1.26.5,docker.io/library/golang:1.26.5,https://hub.docker.com/r/library/golang
docker.io/library/golang,1.26.5-alpine,docker.io/library/golang:1.26.5-alpine,https://hub.docker.com/r/library/golang
docker.io/library/golang,1.26.5-alpine3.23,docker.io/library/golang:1.26.5-alpine3.23,https://hub.docker.com/r/library/golang
docker.io/library/golang,1.26.5-alpine3.24,docker.io/library/golang:1.26.5-alpine3.24,https://hub.docker.com/r/library/golang
docker.io/library/golang,1.26.5-bookworm,docker.io/library/golang:1.26.5-bookworm,https://hub.docker.com/r/library/golang
docker.io/library/golang,1.26.5-trixie,docker.io/library/golang:1.26.5-trixie,https://hub.docker.com/r/library/golang
docker.io/library/golang,latest,docker.io/library/golang:latest,https://hub.docker.com/r/library/golang
docker.io/library/alpine,3.3,docker.io/library/alpine:3.3,https://hub.docker.com/r/library/alpine
docker.io/library/alpine,3.7,docker.io/library/alpine:3.7,https://hub.docker.com/r/library/alpine
docker.io/library/alpine,3.9.2,docker.io/library/alpine:3.9.2,https://hub.docker.com/r/library/alpine
docker.io/library/alpine,3.10,docker.io/library/alpine:3.10,https://hub.docker.com/r/library/alpine
docker.io/library/alpine,3.10.4,docker.io/library/alpine:3.10.4,https://hub.docker.com/r/library/alpine
docker.io/library/alpine,3.11,docker.io/library/alpine:3.11,https://hub.docker.com/r/library/alpine
docker.io/library/alpine,3.11.6,docker.io/library/alpine:3.11.6,https://hub.docker.com/r/library/alpine
docker.io/library/alpine,3.11.12,docker.io/library/alpine:3.11.12,https://hub.docker.com/r/library/alpine
docker.io/library/alpine,3.12.2,docker.io/library/alpine:3.12.2,https://hub.docker.com/r/library/alpine
docker.io/library/alpine,3.12.7,docker.io/library/alpine:3.12.7,https://hub.docker.com/r/library/alpine
docker.io/library/alpine,3.13,docker.io/library/alpine:3.13,https://hub.docker.com/r/library/alpine
docker.io/library/alpine,3.13.4,docker.io/library/alpine:3.13.4,https://hub.docker.com/r/library/alpine
docker.io/library/alpine,3.13.10,docker.io/library/alpine:3.13.10,https://hub.docker.com/r/library/alpine
docker.io/library/alpine,3.14.1,docker.io/library/alpine:3.14.1,https://hub.docker.com/r/library/alpine
docker.io/library/alpine,3.14.6,docker.io/library/alpine:3.14.6,https://hub.docker.com/r/library/alpine
docker.io/library/alpine,3.15.0,docker.io/library/alpine:3.15.0,https://hub.docker.com/r/library/alpine
docker.io/library/alpine,3.15.5,docker.io/library/alpine:3.15.5,https://hub.docker.com/r/library/alpine
docker.io/library/alpine,3.15.11,docker.io/library/alpine:3.15.11,https://hub.docker.com/r/library/alpine
docker.io/library/alpine,3.16.3,docker.io/library/alpine:3.16.3,https://hub.docker.com/r/library/alpine
docker.io/library/alpine,3.16.8,docker.io/library/alpine:3.16.8,https://hub.docker.com/r/library/alpine
docker.io/library/alpine,3.17.3,docker.io/library/alpine:3.17.3,https://hub.docker.com/r/library/alpine
docker.io/library/alpine,3.17.8,docker.io/library/alpine:3.17.8,https://hub.docker.com/r/library/alpine
docker.io/library/alpine,3.18.3,docker.io/library/alpine:3.18.3,https://hub.docker.com/r/library/alpine
docker.io/library/alpine,3.18.8,docker.io/library/alpine:3.18.8,https://hub.docker.com/r/library/alpine
docker.io/library/alpine,3.19,docker.io/library/alpine:3.19,https://hub.docker.com/r/library/alpine
docker.io/library/alpine,3.19.5,docker.io/library/alpine:3.19.5,https://hub.docker.com/r/library/alpine
docker.io/library/alpine,3.20,docker.io/library/alpine:3.20,https://hub.docker.com/r/library/alpine
docker.io/library/alpine,3.20.5,docker.io/library/alpine:3.20.5,https://hub.docker.com/r/library/alpine
docker.io/library/alpine,3.20.10,docker.io/library/alpine:3.20.10,https://hub.docker.com/r/library/alpine
docker.io/library/alpine,3.21.3,docker.io/library/alpine:3.21.3,https://hub.docker.com/r/library/alpine
docker.io/library/alpine,3.22.0,docker.io/library/alpine:3.22.0,https://hub.docker.com/r/library/alpine
docker.io/library/alpine,3.22.5,docker.io/library/alpine:3.22.5,https://hub.docker.com/r/library/alpine
docker.io/library/alpine,3.23.5,docker.io/library/alpine:3.23.5,https://hub.docker.com/r/library/alpine
docker.io/library/alpine,20190408,docker.io/library/alpine:20190408,https://hub.docker.com/r/library/alpine
docker.io/library/alpine,20191114,docker.io/library/alpine:20191114,https://hub.docker.com/r/library/alpine
docker.io/library/alpine,20200917,docker.io/library/alpine:20200917,https://hub.docker.com/r/library/alpine
docker.io/library/alpine,20220316,docker.io/library/alpine:20220316,https://hub.docker.com/r/library/alpine
docker.io/library/alpine,20230901,docker.io/library/alpine:20230901,https://hub.docker.com/r/library/alpine
docker.io/library/alpine,20240807,docker.io/library/alpine:20240807,https://hub.docker.com/r/library/alpine
docker.io/library/alpine,latest,docker.io/library/alpine:latest,https://hub.docker.com/r/library/alpine
docker.io/library/busybox,1-uclibc,docker.io/library/busybox:1-uclibc,https://hub.docker.com/r/library/busybox
docker.io/library/busybox,1.24,docker.io/library/busybox:1.24,https://hub.docker.com/r/library/busybox
docker.io/library/busybox,1.24-uclibc,docker.io/library/busybox:1.24-uclibc,https://hub.docker.com/r/library/busybox
docker.io/library/busybox,1.24.1-musl,docker.io/library/busybox:1.24.1-musl,https://hub.docker.com/r/library/busybox
docker.io/library/busybox,1.24.2-glibc,docker.io/library/busybox:1.24.2-glibc,https://hub.docker.com/r/library/busybox
docker.io/library/busybox,1.25,docker.io/library/busybox:1.25,https://hub.docker.com/r/library/busybox
docker.io/library/busybox,1.25.0,docker.io/library/busybox:1.25.0,https://hub.docker.com/r/library/busybox
docker.io/library/busybox,1.25.0-uclibc,docker.io/library/busybox:1.25.0-uclibc,https://hub.docker.com/r/library/busybox
docker.io/library/busybox,1.25.1-musl,docker.io/library/busybox:1.25.1-musl,https://hub.docker.com/r/library/busybox
docker.io/library/busybox,1.26-musl,docker.io/library/busybox:1.26-musl,https://hub.docker.com/r/library/busybox
docker.io/library/busybox,1.26.0-glibc,docker.io/library/busybox:1.26.0-glibc,https://hub.docker.com/r/library/busybox
docker.io/library/busybox,1.26.1,docker.io/library/busybox:1.26.1,https://hub.docker.com/r/library/busybox
docker.io/library/busybox,1.26.2,docker.io/library/busybox:1.26.2,https://hub.docker.com/r/library/busybox
docker.io/library/busybox,1.26.2-uclibc,docker.io/library/busybox:1.26.2-uclibc,https://hub.docker.com/r/library/busybox
docker.io/library/busybox,1.27-musl,docker.io/library/busybox:1.27-musl,https://hub.docker.com/r/library/busybox
docker.io/library/busybox,1.27.0-musl,docker.io/library/busybox:1.27.0-musl,https://hub.docker.com/r/library/busybox
docker.io/library/busybox,1.27.1-glibc,docker.io/library/busybox:1.27.1-glibc,https://hub.docker.com/r/library/busybox
docker.io/library/busybox,1.27.2,docker.io/library/busybox:1.27.2,https://hub.docker.com/r/library/busybox
docker.io/library/busybox,1.28,docker.io/library/busybox:1.28,https://hub.docker.com/r/library/busybox
docker.io/library/busybox,1.28-uclibc,docker.io/library/busybox:1.28-uclibc,https://hub.docker.com/r/library/busybox
docker.io/library/busybox,1.28.0-musl,docker.io/library/busybox:1.28.0-musl,https://hub.docker.com/r/library/busybox
docker.io/library/busybox,1.28.1-musl,docker.io/library/busybox:1.28.1-musl,https://hub.docker.com/r/library/busybox
docker.io/library/busybox,1.28.2-glibc,docker.io/library/busybox:1.28.2-glibc,https://hub.docker.com/r/library/busybox
docker.io/library/busybox,1.28.3,docker.io/library/busybox:1.28.3,https://hub.docker.com/r/library/busybox
docker.io/library/busybox,1.28.4,docker.io/library/busybox:1.28.4,https://hub.docker.com/r/library/busybox
docker.io/library/busybox,1.28.4-uclibc,docker.io/library/busybox:1.28.4-uclibc,https://hub.docker.com/r/library/busybox
docker.io/library/busybox,1.29-musl,docker.io/library/busybox:1.29-musl,https://hub.docker.com/r/library/busybox
docker.io/library/busybox,1.29.1-musl,docker.io/library/busybox:1.29.1-musl,https://hub.docker.com/r/library/busybox
docker.io/library/busybox,1.29.2-glibc,docker.io/library/busybox:1.29.2-glibc,https://hub.docker.com/r/library/busybox
docker.io/library/busybox,1.29.3,docker.io/library/busybox:1.29.3,https://hub.docker.com/r/library/busybox
docker.io/library/busybox,1.30,docker.io/library/busybox:1.30,https://hub.docker.com/r/library/busybox
docker.io/library/busybox,1.30-uclibc,docker.io/library/busybox:1.30-uclibc,https://hub.docker.com/r/library/busybox
docker.io/library/busybox,1.30.0-musl,docker.io/library/busybox:1.30.0-musl,https://hub.docker.com/r/library/busybox
docker.io/library/busybox,1.30.1-musl,docker.io/library/busybox:1.30.1-musl,https://hub.docker.com/r/library/busybox
docker.io/library/busybox,1.31-glibc,docker.io/library/busybox:1.31-glibc,https://hub.docker.com/r/library/busybox
docker.io/library/busybox,1.31.0,docker.io/library/busybox:1.31.0,https://hub.docker.com/r/library/busybox
docker.io/library/busybox,1.31.1,docker.io/library/busybox:1.31.1,https://hub.docker.com/r/library/busybox
docker.io/library/busybox,1.31.1-uclibc,docker.io/library/busybox:1.31.1-uclibc,https://hub.docker.com/r/library/busybox
docker.io/library/busybox,1.32-musl,docker.io/library/busybox:1.32-musl,https://hub.docker.com/r/library/busybox
docker.io/library/busybox,1.32.0-musl,docker.io/library/busybox:1.32.0-musl,https://hub.docker.com/r/library/busybox
docker.io/library/busybox,1.32.1-glibc,docker.io/library/busybox:1.32.1-glibc,https://hub.docker.com/r/library/busybox
docker.io/library/busybox,1.33,docker.io/library/busybox:1.33,https://hub.docker.com/r/library/busybox
docker.io/library/busybox,1.33.0,docker.io/library/busybox:1.33.0,https://hub.docker.com/r/library/busybox
docker.io/library/busybox,1.33.0-uclibc,docker.io/library/busybox:1.33.0-uclibc,https://hub.docker.com/r/library/busybox
docker.io/library/busybox,1.33.1-musl,docker.io/library/busybox:1.33.1-musl,https://hub.docker.com/r/library/busybox
docker.io/library/busybox,1.34-musl,docker.io/library/busybox:1.34-musl,https://hub.docker.com/r/library/busybox
docker.io/library/busybox,1.34.0-glibc,docker.io/library/busybox:1.34.0-glibc,https://hub.docker.com/r/library/busybox
docker.io/library/busybox,1.34.1,docker.io/library/busybox:1.34.1,https://hub.docker.com/r/library/busybox
docker.io/library/busybox,1.35,docker.io/library/busybox:1.35,https://hub.docker.com/r/library/busybox
docker.io/library/busybox,1.35-uclibc,docker.io/library/busybox:1.35-uclibc,https://hub.docker.com/r/library/busybox
docker.io/library/busybox,1.35.0-musl,docker.io/library/busybox:1.35.0-musl,https://hub.docker.com/r/library/busybox
docker.io/library/busybox,1.36-musl,docker.io/library/busybox:1.36-musl,https://hub.docker.com/r/library/busybox
docker.io/library/busybox,1.36.0-glibc,docker.io/library/busybox:1.36.0-glibc,https://hub.docker.com/r/library/busybox
docker.io/library/busybox,1.36.1,docker.io/library/busybox:1.36.1,https://hub.docker.com/r/library/busybox
docker.io/library/busybox,1.37,docker.io/library/busybox:1.37,https://hub.docker.com/r/library/busybox
docker.io/library/busybox,1.37-uclibc,docker.io/library/busybox:1.37-uclibc,https://hub.docker.com/r/library/busybox
docker.io/library/busybox,1.37.0-musl,docker.io/library/busybox:1.37.0-musl,https://hub.docker.com/r/library/busybox
docker.io/library/busybox,1.38-musl,docker.io/library/busybox:1.38-musl,https://hub.docker.com/r/library/busybox
docker.io/library/busybox,1.38.0-glibc,docker.io/library/busybox:1.38.0-glibc,https://hub.docker.com/r/library/busybox
docker.io/library/busybox,latest,docker.io/library/busybox:latest,https://hub.docker.com/r/library/busybox
docker.io/library/node,0-slim,docker.io/library/node:0-slim,https://hub.docker.com/r/library/node
docker.io/library/node,0.8,docker.io/library/node:0.8,https://hub.docker.com/r/library/node
docker.io/library/node,0.8.28,docker.io/library/node:0.8.28,https://hub.docker.com/r/library/node
docker.io/library/node,0.8.28-slim,docker.io/library/node:0.8.28-slim,https://hub.docker.com/r/library/node
docker.io/library/node,0.10-slim,docker.io/library/node:0.10-slim,https://hub.docker.com/r/library/node
docker.io/library/node,0.10.28,docker.io/library/node:0.10.28,https://hub.docker.com/r/library/node
docker.io/library/node,0.10.31,docker.io/library/node:0.10.31,https://hub.docker.com/r/library/node
docker.io/library/node,0.10.32,docker.io/library/node:0.10.32,https://hub.docker.com/r/library/node
docker.io/library/node,0.10.33,docker.io/library/node:0.10.33,https://hub.docker.com/r/library/node
docker.io/library/node,0.10.33-slim,docker.io/library/node:0.10.33-slim,https://hub.docker.com/r/library/node
docker.io/library/node,0.10.34-slim,docker.io/library/node:0.10.34-slim,https://hub.docker.com/r/library/node
docker.io/library/node,0.10.35,docker.io/library/node:0.10.35,https://hub.docker.com/r/library/node
docker.io/library/node,0.10.36,docker.io/library/node:0.10.36,https://hub.docker.com/r/library/node
docker.io/library/node,0.10.36-slim,docker.io/library/node:0.10.36-slim,https://hub.docker.com/r/library/node
docker.io/library/node,0.10.37-slim,docker.io/library/node:0.10.37-slim,https://hub.docker.com/r/library/node
docker.io/library/node,0.10.38,docker.io/library/node:0.10.38,https://hub.docker.com/r/library/node
docker.io/library/node,0.10.39,docker.io/library/node:0.10.39,https://hub.docker.com/r/library/node
docker.io/library/node,0.10.39-slim,docker.io/library/node:0.10.39-slim,https://hub.docker.com/r/library/node
docker.io/library/node,0.10.40-slim,docker.io/library/node:0.10.40-slim,https://hub.docker.com/r/library/node
docker.io/library/node,0.10.41,docker.io/library/node:0.10.41,https://hub.docker.com/r/library/node
docker.io/library/node,0.10.42,docker.io/library/node:0.10.42,https://hub.docker.com/r/library/node
docker.io/library/node,0.10.42-slim,docker.io/library/node:0.10.42-slim,https://hub.docker.com/r/library/node
docker.io/library/node,0.10.43-slim,docker.io/library/node:0.10.43-slim,https://hub.docker.com/r/library/node
docker.io/library/node,0.10.44,docker.io/library/node:0.10.44,https://hub.docker.com/r/library/node
docker.io/library/node,0.10.45,docker.io/library/node:0.10.45,https://hub.docker.com/r/library/node
docker.io/library/node,0.10.45-slim,docker.io/library/node:0.10.45-slim,https://hub.docker.com/r/library/node
docker.io/library/node,0.10.46-slim,docker.io/library/node:0.10.46-slim,https://hub.docker.com/r/library/node
docker.io/library/node,0.10.47,docker.io/library/node:0.10.47,https://hub.docker.com/r/library/node
docker.io/library/node,0.10.48,docker.io/library/node:0.10.48,https://hub.docker.com/r/library/node
docker.io/library/node,0.10.48-slim,docker.io/library/node:0.10.48-slim,https://hub.docker.com/r/library/node
docker.io/library/node,0.11-slim,docker.io/library/node:0.11-slim,https://hub.docker.com/r/library/node
docker.io/library/node,0.11.13,docker.io/library/node:0.11.13,https://hub.docker.com/r/library/node
docker.io/library/node,0.11.14-slim,docker.io/library/node:0.11.14-slim,https://hub.docker.com/r/library/node
docker.io/library/node,0.11.15,docker.io/library/node:0.11.15,https://hub.docker.com/r/library/node
docker.io/library/node,0.11.16,docker.io/library/node:0.11.16,https://hub.docker.com/r/library/node
docker.io/library/node,0.11.16-slim,docker.io/library/node:0.11.16-slim,https://hub.docker.com/r/library/node
docker.io/library/node,0.12-slim,docker.io/library/node:0.12-slim,https://hub.docker.com/r/library/node
docker.io/library/node,0.12.0,docker.io/library/node:0.12.0,https://hub.docker.com/r/library/node
docker.io/library/node,0.12.1,docker.io/library/node:0.12.1,https://hub.docker.com/r/library/node
docker.io/library/node,0.12.1-slim,docker.io/library/node:0.12.1-slim,https://hub.docker.com/r/library/node
docker.io/library/node,0.12.2-slim,docker.io/library/node:0.12.2-slim,https://hub.docker.com/r/library/node
docker.io/library/node,0.12.3,docker.io/library/node:0.12.3,https://hub.docker.com/r/library/node
docker.io/library/node,0.12.4,docker.io/library/node:0.12.4,https://hub.docker.com/r/library/node
docker.io/library/node,0.12.4-slim,docker.io/library/node:0.12.4-slim,https://hub.docker.com/r/library/node
docker.io/library/node,0.12.5-slim,docker.io/library/node:0.12.5-slim,https://hub.docker.com/r/library/node
docker.io/library/node,0.12.6,docker.io/library/node:0.12.6,https://hub.docker.com/r/library/node
docker.io/library/node,0.12.7,docker.io/library/node:0.12.7,https://hub.docker.com/r/library/node
docker.io/library/node,0.12.7-slim,docker.io/library/node:0.12.7-slim,https://hub.docker.com/r/library/node
docker.io/library/node,0.12.8-slim,docker.io/library/node:0.12.8-slim,https://hub.docker.com/r/library/node
docker.io/library/node,0.12.9,docker.io/library/node:0.12.9,https://hub.docker.com/r/library/node
docker.io/library/node,0.12.10,docker.io/library/node:0.12.10,https://hub.docker.com/r/library/node
docker.io/library/node,0.12.10-slim,docker.io/library/node:0.12.10-slim,https://hub.docker.com/r/library/node
docker.io/library/node,0.12.11-slim,docker.io/library/node:0.12.11-slim,https://hub.docker.com/r/library/node
docker.io/library/node,0.12.12,docker.io/library/node:0.12.12,https://hub.docker.com/r/library/node
docker.io/library/node,0.12.13,docker.io/library/node:0.12.13,https://hub.docker.com/r/library/node
docker.io/library/node,0.12.13-slim,docker.io/library/node:0.12.13-slim,https://hub.docker.com/r/library/node
docker.io/library/node,0.12.14-slim,docker.io/library/node:0.12.14-slim,https://hub.docker.com/r/library/node
docker.io/library/node,0.12.15,docker.io/library/node:0.12.15,https://hub.docker.com/r/library/node
docker.io/library/node,0.12.16,docker.io/library/node:0.12.16,https://hub.docker.com/r/library/node
docker.io/library/node,0.12.16-slim,docker.io/library/node:0.12.16-slim,https://hub.docker.com/r/library/node
docker.io/library/node,0.12.17-slim,docker.io/library/node:0.12.17-slim,https://hub.docker.com/r/library/node
docker.io/library/node,0.12.18,docker.io/library/node:0.12.18,https://hub.docker.com/r/library/node
docker.io/library/node,10,docker.io/library/node:10,https://hub.docker.com/r/library/node
docker.io/library/node,10.0,docker.io/library/node:10.0,https://hub.docker.com/r/library/node
docker.io/library/node,10.0-slim,docker.io/library/node:10.0-slim,https://hub.docker.com/r/library/node
docker.io/library/node,10.0.0,docker.io/library/node:10.0.0,https://hub.docker.com/r/library/node
docker.io/library/node,10.0.0-slim,docker.io/library/node:10.0.0-slim,https://hub.docker.com/r/library/node
docker.io/library/node,10.1,docker.io/library/node:10.1,https://hub.docker.com/r/library/node
docker.io/library/node,10.1.0-alpine,docker.io/library/node:10.1.0-alpine,https://hub.docker.com/r/library/node
docker.io/library/node,10.10,docker.io/library/node:10.10,https://hub.docker.com/r/library/node
docker.io/library/node,10.10-alpine,docker.io/library/node:10.10-alpine,https://hub.docker.com/r/library/node
docker.io/library/node,10.10.0-alpine,docker.io/library/node:10.10.0-alpine,https://hub.docker.com/r/library/node
docker.io/library/node,10.10.0-slim,docker.io/library/node:10.10.0-slim,https://hub.docker.com/r/library/node
docker.io/library/node,22-bookworm,docker.io/library/node:22-bookworm,https://hub.docker.com/r/library/node
docker.io/library/node,22-bullseye,docker.io/library/node:22-bullseye,https://hub.docker.com/r/library/node
docker.io/library/node,22-trixie,docker.io/library/node:22-trixie,https://hub.docker.com/r/library/node
docker.io/library/node,22.23,docker.io/library/node:22.23,https://hub.docker.com/r/library/node
docker.io/library/node,22.23-bullseye,docker.io/library/node:22.23-bullseye,https://hub.docker.com/r/library/node
docker.io/library/node,22.23-slim,docker.io/library/node:22.23-slim,https://hub.docker.com/r/library/node
docker.io/library/node,22.23.1,docker.io/library/node:22.23.1,https://hub.docker.com/r/library/node
docker.io/library/node,22.23.1-bookworm,docker.io/library/node:22.23.1-bookworm,https://hub.docker.com/r/library/node
docker.io/library/node,22.23.1-slim,docker.io/library/node:22.23.1-slim,https://hub.docker.com/r/library/node
docker.io/library/node,22.23.1-trixie,docker.io/library/node:22.23.1-trixie,https://hub.docker.com/r/library/node
docker.io/library/node,24-alpine,docker.io/library/node:24-alpine,https://hub.docker.com/r/library/node
docker.io/library/node,24-alpine3.23,docker.io/library/node:24-alpine3.23,https://hub.docker.com/r/library/node
docker.io/library/node,24-bookworm,docker.io/library/node:24-bookworm,https://hub.docker.com/r/library/node
docker.io/library/node,24-bullseye,docker.io/library/node:24-bullseye,https://hub.docker.com/r/library/node
docker.io/library/node,24-trixie,docker.io/library/node:24-trixie,https://hub.docker.com/r/library/node
docker.io/library/node,24.17,docker.io/library/node:24.17,https://hub.docker.com/r/library/node
docker.io/library/node,24.17-bullseye,docker.io/library/node:24.17-bullseye,https://hub.docker.com/r/library/node
docker.io/library/node,24.17-slim,docker.io/library/node:24.17-slim,https://hub.docker.com/r/library/node
docker.io/library/node,24.17.0,docker.io/library/node:24.17.0,https://hub.docker.com/r/library/node
docker.io/library/node,24.17.0-bookworm,docker.io/library/node:24.17.0-bookworm,https://hub.docker.com/r/library/node
docker.io/library/node,24.17.0-slim,docker.io/library/node:24.17.0-slim,https://hub.docker.com/r/library/node
docker.io/library/node,24.17.0-trixie,docker.io/library/node:24.17.0-trixie,https://hub.docker.com/r/library/node
docker.io/library/node,24.18-alpine,docker.io/library/node:24.18-alpine,https://hub.docker.com/r/library/node
docker.io/library/node,24.18-alpine3.23,docker.io/library/node:24.18-alpine3.23,https://hub.docker.com/r/library/node
docker.io/library/node,24.18-bookworm,docker.io/library/node:24.18-bookworm,https://hub.docker.com/r/library/node
docker.io/library/node,24.18-bullseye,docker.io/library/node:24.18-bullseye,https://hub.docker.com/r/library/node
docker.io/library/node,24.18-trixie,docker.io/library/node:24.18-trixie,https://hub.docker.com/r/library/node
docker.io/library/node,24.18.0,docker.io/library/node:24.18.0,https://hub.docker.com/r/library/node
docker.io/library/node,24.18.0-alpine3.23,docker.io/library/node:24.18.0-alpine3.23,https://hub.docker.com/r/library/node
docker.io/library/node,24.18.0-alpine3.24,docker.io/library/node:24.18.0-alpine3.24,https://hub.docker.com/r/library/node
docker.io/library/node,24.18.0-bullseye,docker.io/library/node:24.18.0-bullseye,https://hub.docker.com/r/library/node
docker.io/library/node,24.18.0-slim,docker.io/library/node:24.18.0-slim,https://hub.docker.com/r/library/node
docker.io/library/node,26,docker.io/library/node:26,https://hub.docker.com/r/library/node
docker.io/library/node,26-alpine,docker.io/library/node:26-alpine,https://hub.docker.com/r/library/node
docker.io/library/node,26-alpine3.24,docker.io/library/node:26-alpine3.24,https://hub.docker.com/r/library/node
docker.io/library/node,26-bookworm,docker.io/library/node:26-bookworm,https://hub.docker.com/r/library/node
docker.io/library/node,26-slim,docker.io/library/node:26-slim,https://hub.docker.com/r/library/node
docker.io/library/node,26-trixie,docker.io/library/node:26-trixie,https://hub.docker.com/r/library/node
docker.io/library/node,26.3-bookworm,docker.io/library/node:26.3-bookworm,https://hub.docker.com/r/library/node
docker.io/library/node,26.3-bullseye,docker.io/library/node:26.3-bullseye,https://hub.docker.com/r/library/node
docker.io/library/node,26.3-trixie,docker.io/library/node:26.3-trixie,https://hub.docker.com/r/library/node
docker.io/library/node,26.3.1,docker.io/library/node:26.3.1,https://hub.docker.com/r/library/node
docker.io/library/node,26.3.1-bullseye,docker.io/library/node:26.3.1-bullseye,https://hub.docker.com/r/library/node
docker.io/library/node,26.3.1-slim,docker.io/library/node:26.3.1-slim,https://hub.docker.com/r/library/node
docker.io/library/node,26.4,docker.io/library/node:26.4,https://hub.docker.com/r/library/node
docker.io/library/node,26.4-alpine,docker.io/library/node:26.4-alpine,https://hub.docker.com/r/library/node
docker.io/library/node,26.4-alpine3.24,docker.io/library/node:26.4-alpine3.24,https://hub.docker.com/r/library/node
docker.io/library/node,26.4-bookworm,docker.io/library/node:26.4-bookworm,https://hub.docker.com/r/library/node
docker.io/library/node,26.4-slim,docker.io/library/node:26.4-slim,https://hub.docker.com/r/library/node
docker.io/library/node,26.4-trixie,docker.io/library/node:26.4-trixie,https://hub.docker.com/r/library/node
docker.io/library/node,26.4.0-alpine,docker.io/library/node:26.4.0-alpine,https://hub.docker.com/r/library/node
docker.io/library/node,26.4.0-alpine3.23,docker.io/library/node:26.4.0-alpine3.23,https://hub.docker.com/r/library/node
docker.io/library/node,26.4.0-bookworm,docker.io/library/node:26.4.0-bookworm,https://hub.docker.com/r/library/node
docker.io/library/node,26.4.0-bullseye,docker.io/library/node:26.4.0-bullseye,https://hub.docker.com/r/library/node
docker.io/library/node,26.4.0-trixie,docker.io/library/node:26.4.0-trixie,https://hub.docker.com/r/library/node
docker.io/library/node,26.5,docker.io/library/node:26.5,https://hub.docker.com/r/library/node
docker.io/library/node,26.5-alpine3.23,docker.io/library/node:26.5-alpine3.23,https://hub.docker.com/r/library/node
docker.io/library/node,26.5-alpine3.24,docker.io/library/node:26.5-alpine3.24,https://hub.docker.com/r/library/node
docker.io/library/node,26.5-bullseye,docker.io/library/node:26.5-bullseye,https://hub.docker.com/r/library/node
docker.io/library/node,26.5-slim,docker.io/library/node:26.5-slim,https://hub.docker.com/r/library/node
docker.io/library/node,26.5.0,docker.io/library/node:26.5.0,https://hub.docker.com/r/library/node
docker.io/library/node,26.5.0-alpine,docker.io/library/node:26.5.0-alpine,https://hub.docker.com/r/library/node
docker.io/library/node,26.5.0-alpine3.24,docker.io/library/node:26.5.0-alpine3.24,https://hub.docker.com/r/library/node
docker.io/library/node,26.5.0-bookworm,docker.io/library/node:26.5.0-bookworm,https://hub.docker.com/r/library/node
docker.io/library/node,26.5.0-slim,docker.io/library/node:26.5.0-slim,https://hub.docker.com/r/library/node
docker.io/library/node,26.5.0-trixie,docker.io/library/node:26.5.0-trixie,https://hub.docker.com/r/library/node
docker.io/library/node,latest,docker.io/library/node:latest,https://hub.docker.com/r/library/node
docker.io/library/nginx,1-alpine3.17,docker.io/library/nginx:1-alpine3.17,https://hub.docker.com/r/library/nginx
docker.io/library/nginx,1-alpine3.20,docker.io/library/nginx:1-alpine3.20,https://hub.docker.com/r/library/nginx
docker.io/library/nginx,1-alpine3.23,docker.io/library/nginx:1-alpine3.23,https://hub.docker.com/r/library/nginx
docker.io/library/nginx,1-bookworm,docker.io/library/nginx:1-bookworm,https://hub.docker.com/r/library/nginx
docker.io/library/nginx,1-trixie,docker.io/library/nginx:1-trixie,https://hub.docker.com/r/library/nginx
docker.io/library/nginx,1.8,docker.io/library/nginx:1.8,https://hub.docker.com/r/library/nginx
docker.io/library/nginx,1.8.1-alpine,docker.io/library/nginx:1.8.1-alpine,https://hub.docker.com/r/library/nginx
docker.io/library/nginx,1.9-alpine,docker.io/library/nginx:1.9-alpine,https://hub.docker.com/r/library/nginx
docker.io/library/nginx,1.9.2,docker.io/library/nginx:1.9.2,https://hub.docker.com/r/library/nginx
docker.io/library/nginx,1.9.5,docker.io/library/nginx:1.9.5,https://hub.docker.com/r/library/nginx
docker.io/library/nginx,1.9.8,docker.io/library/nginx:1.9.8,https://hub.docker.com/r/library/nginx
docker.io/library/nginx,1.9.10,docker.io/library/nginx:1.9.10,https://hub.docker.com/r/library/nginx
docker.io/library/nginx,1.9.14,docker.io/library/nginx:1.9.14,https://hub.docker.com/r/library/nginx
docker.io/library/nginx,1.9.15-alpine,docker.io/library/nginx:1.9.15-alpine,https://hub.docker.com/r/library/nginx
docker.io/library/nginx,1.10.0,docker.io/library/nginx:1.10.0,https://hub.docker.com/r/library/nginx
docker.io/library/nginx,1.10.1,docker.io/library/nginx:1.10.1,https://hub.docker.com/r/library/nginx
docker.io/library/nginx,1.10.2-alpine,docker.io/library/nginx:1.10.2-alpine,https://hub.docker.com/r/library/nginx
docker.io/library/nginx,1.11,docker.io/library/nginx:1.11,https://hub.docker.com/r/library/nginx
docker.io/library/nginx,1.11.0-alpine,docker.io/library/nginx:1.11.0-alpine,https://hub.docker.com/r/library/nginx
docker.io/library/nginx,1.11.1-alpine,docker.io/library/nginx:1.11.1-alpine,https://hub.docker.com/r/library/nginx
docker.io/library/nginx,1.11.4,docker.io/library/nginx:1.11.4,https://hub.docker.com/r/library/nginx
docker.io/library/nginx,1.11.5-alpine,docker.io/library/nginx:1.11.5-alpine,https://hub.docker.com/r/library/nginx
docker.io/library/nginx,1.11.7,docker.io/library/nginx:1.11.7,https://hub.docker.com/r/library/nginx
docker.io/library/nginx,1.11.8,docker.io/library/nginx:1.11.8,https://hub.docker.com/r/library/nginx
docker.io/library/nginx,1.11.9-alpine,docker.io/library/nginx:1.11.9-alpine,https://hub.docker.com/r/library/nginx
docker.io/library/nginx,1.11.12,docker.io/library/nginx:1.11.12,https://hub.docker.com/r/library/nginx
docker.io/library/nginx,1.11.13-alpine,docker.io/library/nginx:1.11.13-alpine,https://hub.docker.com/r/library/nginx
docker.io/library/nginx,1.12-alpine,docker.io/library/nginx:1.12-alpine,https://hub.docker.com/r/library/nginx
docker.io/library/nginx,1.12.0-alpine,docker.io/library/nginx:1.12.0-alpine,https://hub.docker.com/r/library/nginx
docker.io/library/nginx,1.12.1-alpine,docker.io/library/nginx:1.12.1-alpine,https://hub.docker.com/r/library/nginx
docker.io/library/nginx,1.12.2-alpine,docker.io/library/nginx:1.12.2-alpine,https://hub.docker.com/r/library/nginx
docker.io/library/nginx,1.13,docker.io/library/nginx:1.13,https://hub.docker.com/r/library/nginx
docker.io/library/nginx,1.13.0,docker.io/library/nginx:1.13.0,https://hub.docker.com/r/library/nginx
docker.io/library/nginx,1.13.1,docker.io/library/nginx:1.13.1,https://hub.docker.com/r/library/nginx
docker.io/library/nginx,1.13.2,docker.io/library/nginx:1.13.2,https://hub.docker.com/r/library/nginx
docker.io/library/nginx,1.13.2-perl,docker.io/library/nginx:1.13.2-perl,https://hub.docker.com/r/library/nginx
docker.io/library/nginx,1.13.3-perl,docker.io/library/nginx:1.13.3-perl,https://hub.docker.com/r/library/nginx
docker.io/library/nginx,1.13.5-perl,docker.io/library/nginx:1.13.5-perl,https://hub.docker.com/r/library/nginx
docker.io/library/nginx,1.13.6-perl,docker.io/library/nginx:1.13.6-perl,https://hub.docker.com/r/library/nginx
docker.io/library/nginx,1.13.7-alpine,docker.io/library/nginx:1.13.7-alpine,https://hub.docker.com/r/library/nginx
docker.io/library/nginx,1.13.8-alpine,docker.io/library/nginx:1.13.8-alpine,https://hub.docker.com/r/library/nginx
docker.io/library/nginx,1.13.9-alpine,docker.io/library/nginx:1.13.9-alpine,https://hub.docker.com/r/library/nginx
docker.io/library/nginx,1.13.10-alpine,docker.io/library/nginx:1.13.10-alpine,https://hub.docker.com/r/library/nginx
docker.io/library/nginx,1.13.11,docker.io/library/nginx:1.13.11,https://hub.docker.com/r/library/nginx
docker.io/library/nginx,1.13.12,docker.io/library/nginx:1.13.12,https://hub.docker.com/r/library/nginx
docker.io/library/nginx,1.14,docker.io/library/nginx:1.14,https://hub.docker.com/r/library/nginx
docker.io/library/nginx,1.14-perl,docker.io/library/nginx:1.14-perl,https://hub.docker.com/r/library/nginx
docker.io/library/nginx,1.14.0-perl,docker.io/library/nginx:1.14.0-perl,https://hub.docker.com/r/library/nginx
docker.io/library/nginx,1.14.1-perl,docker.io/library/nginx:1.14.1-perl,https://hub.docker.com/r/library/nginx
docker.io/library/nginx,1.14.2-perl,docker.io/library/nginx:1.14.2-perl,https://hub.docker.com/r/library/nginx
docker.io/library/nginx,1.15-alpine,docker.io/library/nginx:1.15-alpine,https://hub.docker.com/r/library/nginx
docker.io/library/nginx,1.15.0-alpine,docker.io/library/nginx:1.15.0-alpine,https://hub.docker.com/r/library/nginx
docker.io/library/nginx,1.15.1-alpine,docker.io/library/nginx:1.15.1-alpine,https://hub.docker.com/r/library/nginx
docker.io/library/nginx,1.15.2-alpine,docker.io/library/nginx:1.15.2-alpine,https://hub.docker.com/r/library/nginx
docker.io/library/nginx,1.15.3,docker.io/library/nginx:1.15.3,https://hub.docker.com/r/library/nginx
docker.io/library/nginx,1.15.4,docker.io/library/nginx:1.15.4,https://hub.docker.com/r/library/nginx
docker.io/library/nginx,1.15.5,docker.io/library/nginx:1.15.5,https://hub.docker.com/r/library/nginx
docker.io/library/nginx,1.15.6,docker.io/library/nginx:1.15.6,https://hub.docker.com/r/library/nginx
docker.io/library/nginx,1.15.6-perl,docker.io/library/nginx:1.15.6-perl,https://hub.docker.com/r/library/nginx
docker.io/library/nginx,1.15.7-perl,docker.io/library/nginx:1.15.7-perl,https://hub.docker.com/r/library/nginx
docker.io/library/nginx,1.15.8-perl,docker.io/library/nginx:1.15.8-perl,https://hub.docker.com/r/library/nginx
docker.io/library/nginx,1.15.9-perl,docker.io/library/nginx:1.15.9-perl,https://hub.docker.com/r/library/nginx
docker.io/library/nginx,1.15.10-alpine,docker.io/library/nginx:1.15.10-alpine,https://hub.docker.com/r/library/nginx
docker.io/library/nginx,1.15.11-alpine,docker.io/library/nginx:1.15.11-alpine,https://hub.docker.com/r/library/nginx
docker.io/library/nginx,1.15.12-alpine,docker.io/library/nginx:1.15.12-alpine,https://hub.docker.com/r/library/nginx
docker.io/library/nginx,1.16-alpine,docker.io/library/nginx:1.16-alpine,https://hub.docker.com/r/library/nginx
docker.io/library/nginx,1.16.0,docker.io/library/nginx:1.16.0,https://hub.docker.com/r/library/nginx
docker.io/library/nginx,1.16.1,docker.io/library/nginx:1.16.1,https://hub.docker.com/r/library/nginx
docker.io/library/nginx,1.17,docker.io/library/nginx:1.17,https://hub.docker.com/r/library/nginx
docker.io/library/nginx,1.17.0-perl,docker.io/library/nginx:1.17.0-perl,https://hub.docker.com/r/library/nginx
docker.io/library/nginx,1.17.1-alpine,docker.io/library/nginx:1.17.1-alpine,https://hub.docker.com/r/library/nginx
docker.io/library/nginx,1.17.10-perl,docker.io/library/nginx:1.17.10-perl,https://hub.docker.com/r/library/nginx
docker.io/library/nginx,1.30-alpine3.23,docker.io/library/nginx:1.30-alpine3.23,https://hub.docker.com/r/library/nginx
docker.io/library/nginx,1.30-trixie,docker.io/library/nginx:1.30-trixie,https://hub.docker.com/r/library/nginx
docker.io/library/nginx,1.30.1-alpine3.23,docker.io/library/nginx:1.30.1-alpine3.23,https://hub.docker.com/r/library/nginx
docker.io/library/nginx,1.30.2-alpine,docker.io/library/nginx:1.30.2-alpine,https://hub.docker.com/r/library/nginx
docker.io/library/nginx,1.30.2-trixie,docker.io/library/nginx:1.30.2-trixie,https://hub.docker.com/r/library/nginx
docker.io/library/nginx,1.30.3-alpine3.23,docker.io/library/nginx:1.30.3-alpine3.23,https://hub.docker.com/r/library/nginx
docker.io/library/nginx,1.30.3-trixie,docker.io/library/nginx:1.30.3-trixie,https://hub.docker.com/r/library/nginx
docker.io/library/nginx,1.30.4-alpine3.24,docker.io/library/nginx:1.30.4-alpine3.24,https://hub.docker.com/r/library/nginx
docker.io/library/nginx,1.31,docker.io/library/nginx:1.31,https://hub.docker.com/r/library/nginx
docker.io/library/nginx,1.31-alpine3.24,docker.io/library/nginx:1.31-alpine3.24,https://hub.docker.com/r/library/nginx
docker.io/library/nginx,1.31-trixie,docker.io/library/nginx:1.31-trixie,https://hub.docker.com/r/library/nginx
docker.io/library/nginx,1.31.0-trixie,docker.io/library/nginx:1.31.0-trixie,https://hub.docker.com/r/library/nginx
docker.io/library/nginx,1.31.1-alpine3.23,docker.io/library/nginx:1.31.1-alpine3.23,https://hub.docker.com/r/library/nginx
docker.io/library/nginx,1.31.2,docker.io/library/nginx:1.31.2,https://hub.docker.com/r/library/nginx
docker.io/library/nginx,1.31.2-alpine3.23,docker.io/library/nginx:1.31.2-alpine3.23,https://hub.docker.com/r/library/nginx
docker.io/library/nginx,1.31.3,docker.io/library/nginx:1.31.3,https://hub.docker.com/r/library/nginx
docker.io/library/nginx,1.31.3-perl,docker.io/library/nginx:1.31.3-perl,https://hub.docker.com/r/library/nginx
docker.io/library/nginx,latest,docker.io/library/nginx:latest,https://hub.docker.com/r/library/nginx
docker.io/library/postgres,9.4-alpine,docker.io/library/postgres:9.4-alpine,https://hub.docker.com/r/library/postgres
docker.io/library/postgres,9.4.5,docker.io/library/postgres:9.4.5,https://hub.docker.com/r/library/postgres
docker.io/library/postgres,9.4.10,docker.io/library/postgres:9.4.10,https://hub.docker.com/r/library/postgres
docker.io/library/postgres,9.4.12-alpine,docker.io/library/postgres:9.4.12-alpine,https://hub.docker.com/r/library/postgres
docker.io/library/postgres,9.4.15,docker.io/library/postgres:9.4.15,https://hub.docker.com/r/library/postgres
docker.io/library/postgres,9.4.17-alpine,docker.io/library/postgres:9.4.17-alpine,https://hub.docker.com/r/library/postgres
docker.io/library/postgres,9.4.20,docker.io/library/postgres:9.4.20,https://hub.docker.com/r/library/postgres
docker.io/library/postgres,9.4.22-alpine,docker.io/library/postgres:9.4.22-alpine,https://hub.docker.com/r/library/postgres
docker.io/library/postgres,9.4.25,docker.io/library/postgres:9.4.25,https://hub.docker.com/r/library/postgres
docker.io/library/postgres,9.5-alpine,docker.io/library/postgres:9.5-alpine,https://hub.docker.com/r/library/postgres
docker.io/library/postgres,9.5.4,docker.io/library/postgres:9.5.4,https://hub.docker.com/r/library/postgres
docker.io/library/postgres,9.5.7,docker.io/library/postgres:9.5.7,https://hub.docker.com/r/library/postgres
docker.io/library/postgres,9.5.9-alpine,docker.io/library/postgres:9.5.9-alpine,https://hub.docker.com/r/library/postgres
docker.io/library/postgres,9.5.12,docker.io/library/postgres:9.5.12,https://hub.docker.com/r/library/postgres
docker.io/library/postgres,9.5.14-alpine,docker.io/library/postgres:9.5.14-alpine,https://hub.docker.com/r/library/postgres
docker.io/library/postgres,9.5.17,docker.io/library/postgres:9.5.17,https://hub.docker.com/r/library/postgres
docker.io/library/postgres,9.5.19-alpine,docker.io/library/postgres:9.5.19-alpine,https://hub.docker.com/r/library/postgres
docker.io/library/postgres,9.5.22,docker.io/library/postgres:9.5.22,https://hub.docker.com/r/library/postgres
docker.io/library/postgres,9.5.24-alpine,docker.io/library/postgres:9.5.24-alpine,https://hub.docker.com/r/library/postgres
docker.io/library/postgres,9.6-alpine3.13,docker.io/library/postgres:9.6-alpine3.13,https://hub.docker.com/r/library/postgres
docker.io/library/postgres,9.6.1,docker.io/library/postgres:9.6.1,https://hub.docker.com/r/library/postgres
docker.io/library/postgres,9.6.3-alpine,docker.io/library/postgres:9.6.3-alpine,https://hub.docker.com/r/library/postgres
docker.io/library/postgres,9.6.6,docker.io/library/postgres:9.6.6,https://hub.docker.com/r/library/postgres
docker.io/library/postgres,9.6.8-alpine,docker.io/library/postgres:9.6.8-alpine,https://hub.docker.com/r/library/postgres
docker.io/library/postgres,9.6.11,docker.io/library/postgres:9.6.11,https://hub.docker.com/r/library/postgres
docker.io/library/postgres,9.6.13-alpine,docker.io/library/postgres:9.6.13-alpine,https://hub.docker.com/r/library/postgres
docker.io/library/postgres,9.6.16,docker.io/library/postgres:9.6.16,https://hub.docker.com/r/library/postgres
docker.io/library/postgres,9.6.18-alpine,docker.io/library/postgres:9.6.18-alpine,https://hub.docker.com/r/library/postgres
docker.io/library/postgres,9.6.21,docker.io/library/postgres:9.6.21,https://hub.docker.com/r/library/postgres
docker.io/library/postgres,9.6.22-alpine3.14,docker.io/library/postgres:9.6.22-alpine3.14,https://hub.docker.com/r/library/postgres
docker.io/library/postgres,9.6.24,docker.io/library/postgres:9.6.24,https://hub.docker.com/r/library/postgres
docker.io/library/postgres,10,docker.io/library/postgres:10,https://hub.docker.com/r/library/postgres
docker.io/library/postgres,10-alpine3.16,docker.io/library/postgres:10-alpine3.16,https://hub.docker.com/r/library/postgres
docker.io/library/postgres,10.1-alpine,docker.io/library/postgres:10.1-alpine,https://hub.docker.com/r/library/postgres
docker.io/library/postgres,10.4,docker.io/library/postgres:10.4,https://hub.docker.com/r/library/postgres
docker.io/library/postgres,10.6-alpine,docker.io/library/postgres:10.6-alpine,https://hub.docker.com/r/library/postgres
docker.io/library/postgres,10.9,docker.io/library/postgres:10.9,https://hub.docker.com/r/library/postgres
docker.io/library/postgres,10.11-alpine,docker.io/library/postgres:10.11-alpine,https://hub.docker.com/r/library/postgres
docker.io/library/postgres,10.14,docker.io/library/postgres:10.14,https://hub.docker.com/r/library/postgres
docker.io/library/postgres,10.16-alpine,docker.io/library/postgres:10.16-alpine,https://hub.docker.com/r/library/postgres
docker.io/library/postgres,10.18,docker.io/library/postgres:10.18,https://hub.docker.com/r/library/postgres
docker.io/library/postgres,10.19-alpine,docker.io/library/postgres:10.19-alpine,https://hub.docker.com/r/library/postgres
docker.io/library/postgres,10.20-alpine,docker.io/library/postgres:10.20-alpine,https://hub.docker.com/r/library/postgres
docker.io/library/postgres,10.21-alpine3.15,docker.io/library/postgres:10.21-alpine3.15,https://hub.docker.com/r/library/postgres
docker.io/library/postgres,10.22-bullseye,docker.io/library/postgres:10.22-bullseye,https://hub.docker.com/r/library/postgres
docker.io/library/postgres,11-alpine,docker.io/library/postgres:11-alpine,https://hub.docker.com/r/library/postgres
docker.io/library/postgres,11-alpine3.17,docker.io/library/postgres:11-alpine3.17,https://hub.docker.com/r/library/postgres
docker.io/library/postgres,11.0,docker.io/library/postgres:11.0,https://hub.docker.com/r/library/postgres
docker.io/library/postgres,11.2-alpine,docker.io/library/postgres:11.2-alpine,https://hub.docker.com/r/library/postgres
docker.io/library/postgres,11.5,docker.io/library/postgres:11.5,https://hub.docker.com/r/library/postgres
docker.io/library/postgres,11.8,docker.io/library/postgres:11.8,https://hub.docker.com/r/library/postgres
docker.io/library/postgres,11.10-alpine,docker.io/library/postgres:11.10-alpine,https://hub.docker.com/r/library/postgres
docker.io/library/postgres,11.12-alpine3.13,docker.io/library/postgres:11.12-alpine3.13,https://hub.docker.com/r/library/postgres
docker.io/library/postgres,11.13-bullseye,docker.io/library/postgres:11.13-bullseye,https://hub.docker.com/r/library/postgres
docker.io/library/postgres,11.14-bullseye,docker.io/library/postgres:11.14-bullseye,https://hub.docker.com/r/library/postgres
docker.io/library/postgres,11.16,docker.io/library/postgres:11.16,https://hub.docker.com/r/library/postgres
docker.io/library/postgres,11.17-alpine,docker.io/library/postgres:11.17-alpine,https://hub.docker.com/r/library/postgres
docker.io/library/postgres,11.18-alpine3.17,docker.io/library/postgres:11.18-alpine3.17,https://hub.docker.com/r/library/postgres
docker.io/library/postgres,11.20-alpine,docker.io/library/postgres:11.20-alpine,https://hub.docker.com/r/library/postgres
docker.io/library/postgres,11.21-alpine,docker.io/library/postgres:11.21-alpine,https://hub.docker.com/r/library/postgres
docker.io/library/postgres,11.22-alpine,docker.io/library/postgres:11.22-alpine,https://hub.docker.com/r/library/postgres
docker.io/library/postgres,11.22-bullseye,docker.io/library/postgres:11.22-bullseye,https://hub.docker.com/r/library/postgres
docker.io/library/postgres,12.10,docker.io/library/postgres:12.10,https://hub.docker.com/r/library/postgres
docker.io/library/postgres,12.11-alpine,docker.io/library/postgres:12.11-alpine,https://hub.docker.com/r/library/postgres
docker.io/library/postgres,13.23,docker.io/library/postgres:13.23,https://hub.docker.com/r/library/postgres
docker.io/library/postgres,14,docker.io/library/postgres:14,https://hub.docker.com/r/library/postgres
docker.io/library/postgres,14-alpine3.24,docker.io/library/postgres:14-alpine3.24,https://hub.docker.com/r/library/postgres
docker.io/library/postgres,14.20-alpine3.21,docker.io/library/postgres:14.20-alpine3.21,https://hub.docker.com/r/library/postgres
docker.io/library/postgres,14.21,docker.io/library/postgres:14.21,https://hub.docker.com/r/library/postgres
docker.io/library/postgres,14.21-trixie,docker.io/library/postgres:14.21-trixie,https://hub.docker.com/r/library/postgres
docker.io/library/postgres,14.22-bookworm,docker.io/library/postgres:14.22-bookworm,https://hub.docker.com/r/library/postgres
docker.io/library/postgres,14.23-alpine3.23,docker.io/library/postgres:14.23-alpine3.23,https://hub.docker.com/r/library/postgres
docker.io/library/postgres,15-alpine,docker.io/library/postgres:15-alpine,https://hub.docker.com/r/library/postgres
docker.io/library/postgres,15-bookworm,docker.io/library/postgres:15-bookworm,https://hub.docker.com/r/library/postgres
docker.io/library/postgres,15.15-alpine3.22,docker.io/library/postgres:15.15-alpine3.22,https://hub.docker.com/r/library/postgres
docker.io/library/postgres,15.16-alpine,docker.io/library/postgres:15.16-alpine,https://hub.docker.com/r/library/postgres
docker.io/library/postgres,15.17,docker.io/library/postgres:15.17,https://hub.docker.com/r/library/postgres
docker.io/library/postgres,15.17-trixie,docker.io/library/postgres:15.17-trixie,https://hub.docker.com/r/library/postgres
docker.io/library/postgres,15.18-alpine3.24,docker.io/library/postgres:15.18-alpine3.24,https://hub.docker.com/r/library/postgres
docker.io/library/postgres,16-alpine3.21,docker.io/library/postgres:16-alpine3.21,https://hub.docker.com/r/library/postgres
docker.io/library/postgres,16-trixie,docker.io/library/postgres:16-trixie,https://hub.docker.com/r/library/postgres
docker.io/library/postgres,16.11-alpine3.23,docker.io/library/postgres:16.11-alpine3.23,https://hub.docker.com/r/library/postgres
docker.io/library/postgres,16.12-alpine3.22,docker.io/library/postgres:16.12-alpine3.22,https://hub.docker.com/r/library/postgres
docker.io/library/postgres,16.13-alpine,docker.io/library/postgres:16.13-alpine,https://hub.docker.com/r/library/postgres
docker.io/library/postgres,16.14,docker.io/library/postgres:16.14,https://hub.docker.com/r/library/postgres
docker.io/library/postgres,16.14-bookworm,docker.io/library/postgres:16.14-bookworm,https://hub.docker.com/r/library/postgres
docker.io/library/postgres,17-alpine3.22,docker.io/library/postgres:17-alpine3.22,https://hub.docker.com/r/library/postgres
docker.io/library/postgres,17.7,docker.io/library/postgres:17.7,https://hub.docker.com/r/library/postgres
docker.io/library/postgres,17.7-bookworm,docker.io/library/postgres:17.7-bookworm,https://hub.docker.com/r/library/postgres
docker.io/library/postgres,17.8-alpine3.23,docker.io/library/postgres:17.8-alpine3.23,https://hub.docker.com/r/library/postgres
docker.io/library/postgres,17.9-alpine3.22,docker.io/library/postgres:17.9-alpine3.22,https://hub.docker.com/r/library/postgres
docker.io/library/postgres,17.10-alpine,docker.io/library/postgres:17.10-alpine,https://hub.docker.com/r/library/postgres
docker.io/library/postgres,17.10-trixie,docker.io/library/postgres:17.10-trixie,https://hub.docker.com/r/library/postgres
docker.io/library/postgres,18-alpine3.23,docker.io/library/postgres:18-alpine3.23,https://hub.docker.com/r/library/postgres
docker.io/library/postgres,18.1-alpine,docker.io/library/postgres:18.1-alpine,https://hub.docker.com/r/library/postgres
docker.io/library/postgres,18.1-trixie,docker.io/library/postgres:18.1-trixie,https://hub.docker.com/r/library/postgres
docker.io/library/postgres,18.2-bookworm,docker.io/library/postgres:18.2-bookworm,https://hub.docker.com/r/library/postgres
docker.io/library/postgres,18.3-alpine3.23,docker.io/library/postgres:18.3-alpine3.23,https://hub.docker.com/r/library/postgres
docker.io/library/postgres,18.4-alpine3.22,docker.io/library/postgres:18.4-alpine3.22,https://hub.docker.com/r/library/postgres
docker.io/library/postgres,latest,docker.io/library/postgres:latest,https://hub.docker.com/r/library/postgres
docker.io/valkey/valkey,7-alpine3.20,docker.io/valkey/valkey:7-alpine3.20,https://hub.docker.com/r/valkey/valkey
docker.io/valkey/valkey,7-alpine3.24,docker.io/valkey/valkey:7-alpine3.24,https://hub.docker.com/r/valkey/valkey
docker.io/valkey/valkey,7.2,docker.io/valkey/valkey:7.2,https://hub.docker.com/r/valkey/valkey
docker.io/valkey/valkey,7.2-alpine3.21,docker.io/valkey/valkey:7.2-alpine3.21,https://hub.docker.com/r/valkey/valkey
docker.io/valkey/valkey,7.2-bookworm,docker.io/valkey/valkey:7.2-bookworm,https://hub.docker.com/r/valkey/valkey
docker.io/valkey/valkey,7.2.5-alpine,docker.io/valkey/valkey:7.2.5-alpine,https://hub.docker.com/r/valkey/valkey
docker.io/valkey/valkey,7.2.6,docker.io/valkey/valkey:7.2.6,https://hub.docker.com/r/valkey/valkey
docker.io/valkey/valkey,7.2.7,docker.io/valkey/valkey:7.2.7,https://hub.docker.com/r/valkey/valkey
docker.io/valkey/valkey,7.2.7-alpine3.21,docker.io/valkey/valkey:7.2.7-alpine3.21,https://hub.docker.com/r/valkey/valkey
docker.io/valkey/valkey,7.2.8-alpine3.21,docker.io/valkey/valkey:7.2.8-alpine3.21,https://hub.docker.com/r/valkey/valkey
docker.io/valkey/valkey,7.2.9-alpine3.21,docker.io/valkey/valkey:7.2.9-alpine3.21,https://hub.docker.com/r/valkey/valkey
docker.io/valkey/valkey,7.2.10-alpine,docker.io/valkey/valkey:7.2.10-alpine,https://hub.docker.com/r/valkey/valkey
docker.io/valkey/valkey,7.2.11-alpine,docker.io/valkey/valkey:7.2.11-alpine,https://hub.docker.com/r/valkey/valkey
docker.io/valkey/valkey,7.2.12,docker.io/valkey/valkey:7.2.12,https://hub.docker.com/r/valkey/valkey
docker.io/valkey/valkey,7.2.12-trixie,docker.io/valkey/valkey:7.2.12-trixie,https://hub.docker.com/r/valkey/valkey
docker.io/valkey/valkey,7.2.13-trixie,docker.io/valkey/valkey:7.2.13-trixie,https://hub.docker.com/r/valkey/valkey
docker.io/valkey/valkey,7.2.14-trixie,docker.io/valkey/valkey:7.2.14-trixie,https://hub.docker.com/r/valkey/valkey
docker.io/valkey/valkey,8-alpine3.20,docker.io/valkey/valkey:8-alpine3.20,https://hub.docker.com/r/valkey/valkey
docker.io/valkey/valkey,8-alpine3.24,docker.io/valkey/valkey:8-alpine3.24,https://hub.docker.com/r/valkey/valkey
docker.io/valkey/valkey,8.0-alpine,docker.io/valkey/valkey:8.0-alpine,https://hub.docker.com/r/valkey/valkey
docker.io/valkey/valkey,8.0-alpine3.22,docker.io/valkey/valkey:8.0-alpine3.22,https://hub.docker.com/r/valkey/valkey
docker.io/valkey/valkey,8.0-trixie,docker.io/valkey/valkey:8.0-trixie,https://hub.docker.com/r/valkey/valkey
docker.io/valkey/valkey,8.0.0-bookworm,docker.io/valkey/valkey:8.0.0-bookworm,https://hub.docker.com/r/valkey/valkey
docker.io/valkey/valkey,8.0.1-alpine3.20,docker.io/valkey/valkey:8.0.1-alpine3.20,https://hub.docker.com/r/valkey/valkey
docker.io/valkey/valkey,8.0.2-alpine3.21,docker.io/valkey/valkey:8.0.2-alpine3.21,https://hub.docker.com/r/valkey/valkey
docker.io/valkey/valkey,8.0.3-alpine3.21,docker.io/valkey/valkey:8.0.3-alpine3.21,https://hub.docker.com/r/valkey/valkey
docker.io/valkey/valkey,8.0.4-alpine,docker.io/valkey/valkey:8.0.4-alpine,https://hub.docker.com/r/valkey/valkey
docker.io/valkey/valkey,8.0.5-alpine,docker.io/valkey/valkey:8.0.5-alpine,https://hub.docker.com/r/valkey/valkey
docker.io/valkey/valkey,8.0.6-alpine,docker.io/valkey/valkey:8.0.6-alpine,https://hub.docker.com/r/valkey/valkey
docker.io/valkey/valkey,8.0.6-trixie,docker.io/valkey/valkey:8.0.6-trixie,https://hub.docker.com/r/valkey/valkey
docker.io/valkey/valkey,8.0.7-trixie,docker.io/valkey/valkey:8.0.7-trixie,https://hub.docker.com/r/valkey/valkey
docker.io/valkey/valkey,8.0.9-trixie,docker.io/valkey/valkey:8.0.9-trixie,https://hub.docker.com/r/valkey/valkey
docker.io/valkey/valkey,8.0.10-alpine3.24,docker.io/valkey/valkey:8.0.10-alpine3.24,https://hub.docker.com/r/valkey/valkey
docker.io/valkey/valkey,8.1-alpine3.21,docker.io/valkey/valkey:8.1-alpine3.21,https://hub.docker.com/r/valkey/valkey
docker.io/valkey/valkey,8.1-bookworm,docker.io/valkey/valkey:8.1-bookworm,https://hub.docker.com/r/valkey/valkey
docker.io/valkey/valkey,8.1.0-alpine,docker.io/valkey/valkey:8.1.0-alpine,https://hub.docker.com/r/valkey/valkey
docker.io/valkey/valkey,8.1.1-alpine,docker.io/valkey/valkey:8.1.1-alpine,https://hub.docker.com/r/valkey/valkey
docker.io/valkey/valkey,8.1.2-alpine,docker.io/valkey/valkey:8.1.2-alpine,https://hub.docker.com/r/valkey/valkey
docker.io/valkey/valkey,8.1.3,docker.io/valkey/valkey:8.1.3,https://hub.docker.com/r/valkey/valkey
docker.io/valkey/valkey,8.1.4,docker.io/valkey/valkey:8.1.4,https://hub.docker.com/r/valkey/valkey
docker.io/valkey/valkey,8.1.5,docker.io/valkey/valkey:8.1.5,https://hub.docker.com/r/valkey/valkey
docker.io/valkey/valkey,8.1.5-trixie,docker.io/valkey/valkey:8.1.5-trixie,https://hub.docker.com/r/valkey/valkey
docker.io/valkey/valkey,8.1.6-trixie,docker.io/valkey/valkey:8.1.6-trixie,https://hub.docker.com/r/valkey/valkey
docker.io/valkey/valkey,8.1.7-trixie,docker.io/valkey/valkey:8.1.7-trixie,https://hub.docker.com/r/valkey/valkey
docker.io/valkey/valkey,8.1.8-alpine3.23,docker.io/valkey/valkey:8.1.8-alpine3.23,https://hub.docker.com/r/valkey/valkey
docker.io/valkey/valkey,8.1.9-alpine3.24,docker.io/valkey/valkey:8.1.9-alpine3.24,https://hub.docker.com/r/valkey/valkey
docker.io/valkey/valkey,9-alpine3.22,docker.io/valkey/valkey:9-alpine3.22,https://hub.docker.com/r/valkey/valkey
docker.io/valkey/valkey,9-trixie,docker.io/valkey/valkey:9-trixie,https://hub.docker.com/r/valkey/valkey
docker.io/valkey/valkey,9.0-alpine3.23,docker.io/valkey/valkey:9.0-alpine3.23,https://hub.docker.com/r/valkey/valkey
docker.io/valkey/valkey,9.0.0-alpine,docker.io/valkey/valkey:9.0.0-alpine,https://hub.docker.com/r/valkey/valkey
docker.io/valkey/valkey,9.0.1,docker.io/valkey/valkey:9.0.1,https://hub.docker.com/r/valkey/valkey
docker.io/valkey/valkey,9.0.2,docker.io/valkey/valkey:9.0.2,https://hub.docker.com/r/valkey/valkey
docker.io/valkey/valkey,9.0.3,docker.io/valkey/valkey:9.0.3,https://hub.docker.com/r/valkey/valkey
docker.io/valkey/valkey,9.0.3-trixie,docker.io/valkey/valkey:9.0.3-trixie,https://hub.docker.com/r/valkey/valkey
docker.io/valkey/valkey,9.0.4-trixie,docker.io/valkey/valkey:9.0.4-trixie,https://hub.docker.com/r/valkey/valkey
docker.io/valkey/valkey,9.0.5-trixie,docker.io/valkey/valkey:9.0.5-trixie,https://hub.docker.com/r/valkey/valkey
docker.io/valkey/valkey,9.1-alpine3.23,docker.io/valkey/valkey:9.1-alpine3.23,https://hub.docker.com/r/valkey/valkey
docker.io/valkey/valkey,9.1.0-alpine,docker.io/valkey/valkey:9.1.0-alpine,https://hub.docker.com/r/valkey/valkey
docker.io/valkey/valkey,9.1.1-alpine,docker.io/valkey/valkey:9.1.1-alpine,https://hub.docker.com/r/valkey/valkey
docker.io/valkey/valkey,latest,docker.io/valkey/valkey:latest,https://hub.docker.com/r/valkey/valkey
